{
    "epoch": 2.9770992366412212,
    "total_flos": 2583544782127104.0,
    "train_loss": 1.6425690352916718,
    "train_runtime": 294.1035,
    "train_samples_per_second": 21.329,
    "train_steps_per_second": 0.326
}